debugC0efH:debugghBgF,0,1.68092E+12,"{""phase"": ""INSTRUCTIONS"", ""templates"": [""instructions/instruct-1.html"", ""instructions/instruct-2.html"", ""instructions/instruct-3.html"", ""instructions/instruct-ready.html""], ""action"": ""Begin""}"
debugC0efH:debugghBgF,1,1.68092E+12,"{""phase"": ""INSTRUCTIONS"", ""template"": ""instructions/instruct-1.html"", ""indexOf"": 0, ""action"": ""NextPage"", ""viewTime"": 929}"
debugC0efH:debugghBgF,2,1.68092E+12,"{""phase"": ""INSTRUCTIONS"", ""template"": ""instructions/instruct-2.html"", ""indexOf"": 1, ""action"": ""NextPage"", ""viewTime"": 298}"
debugC0efH:debugghBgF,3,1.68092E+12,"{""phase"": ""INSTRUCTIONS"", ""template"": ""instructions/instruct-3.html"", ""indexOf"": 2, ""action"": ""NextPage"", ""viewTime"": 163}"
debugC0efH:debugghBgF,4,1.68092E+12,"{""phase"": ""INSTRUCTIONS"", ""template"": ""instructions/instruct-ready.html"", ""indexOf"": 3, ""action"": ""FinishInstructions"", ""viewTime"": 932}"
debugS0qbJ:debugKo1tc,0,1.68123E+12,"{""phase"": ""INSTRUCTIONS"", ""templates"": [""instructions/instruct-1.html"", ""instructions/instruct-2.html"", ""instructions/instruct-3.html"", ""instructions/instruct-ready.html""], ""action"": ""Begin""}"
debugS0qbJ:debugKo1tc,1,1.68123E+12,"{""phase"": ""INSTRUCTIONS"", ""template"": ""instructions/instruct-1.html"", ""indexOf"": 0, ""action"": ""NextPage"", ""viewTime"": 1613}"
debugS0qbJ:debugKo1tc,2,1.68123E+12,"{""phase"": ""INSTRUCTIONS"", ""template"": ""instructions/instruct-2.html"", ""indexOf"": 1, ""action"": ""NextPage"", ""viewTime"": 580}"
debugS0qbJ:debugKo1tc,3,1.68123E+12,"{""phase"": ""INSTRUCTIONS"", ""template"": ""instructions/instruct-3.html"", ""indexOf"": 2, ""action"": ""NextPage"", ""viewTime"": 778}"
debugS0qbJ:debugKo1tc,4,1.68123E+12,"{""phase"": ""INSTRUCTIONS"", ""template"": ""instructions/instruct-ready.html"", ""indexOf"": 3, ""action"": ""FinishInstructions"", ""viewTime"": 1213}"
debugS0qbJ:debugKo1tc,5,1.68123E+12,"{""phase"": ""demographics"", ""status"": ""begin""}"
debugS0qbJ:debugKo1tc,6,1.68123E+12,"{""phase"": ""demographics"", ""status"": ""submit""}"
debugS0qbJ:debugKo1tc,7,1.68123E+12,"{""phase"": ""demographics"", ""gender"": ""male""}"
debugS0qbJ:debugKo1tc,8,1.68123E+12,"{""phase"": ""demographics"", ""other"": """"}"
debugS0qbJ:debugKo1tc,9,1.68123E+12,"{""phase"": ""demographics"", ""age"": ""22""}"
debugS0qbJ:debugKo1tc,10,1.68123E+12,"{""phase"": ""demographics"", ""prolific"": ""l0l""}"
debugS0qbJ:debugKo1tc,11,1.68123E+12,"{""phase"": ""demographics"", ""robot"": ""10""}"
debugS0qbJ:debugKo1tc,12,1.68123E+12,"{""phase"": ""demographics"", ""prolific"": ""10""}"
debugS0qbJ:debugKo1tc,13,1.68123E+12,"{""phase"": ""video-group-1"", ""status"": ""begin""}"
debugS0qbJ:debugKo1tc,14,1.68123E+12,"{""phase"": ""rossascale"", ""status"": ""begin""}"
debugS0qbJ:debugKo1tc,15,1.68123E+12,"{""phase"": ""rossascale"", ""status"": ""submit""}"
debugS0qbJ:debugKo1tc,16,1.68123E+12,"{""phase"": ""rossascale"", ""name"": ""10""}"
debugS0qbJ:debugKo1tc,17,1.68123E+12,"{""phase"": ""rossascale"", ""name"": ""10""}"
debugS0qbJ:debugKo1tc,18,1.68123E+12,"{""phase"": ""rossascale"", ""name"": ""10""}"
debugS0qbJ:debugKo1tc,19,1.68123E+12,"{""phase"": ""rossascale"", ""name"": ""10""}"
debugS0qbJ:debugKo1tc,20,1.68123E+12,"{""phase"": ""rossascale"", ""name"": ""10""}"
debugS0qbJ:debugKo1tc,21,1.68123E+12,"{""phase"": ""rossascale"", ""name"": ""10""}"
debugS0qbJ:debugKo1tc,22,1.68123E+12,"{""phase"": ""rossascale"", ""name"": ""10""}"
debugS0qbJ:debugKo1tc,23,1.68123E+12,"{""phase"": ""rossascale"", ""name"": ""10""}"
debugS0qbJ:debugKo1tc,24,1.68123E+12,"{""phase"": ""rossascale"", ""name"": ""10""}"
debugS0qbJ:debugKo1tc,25,1.68123E+12,"{""phase"": ""video-group-1"", ""status"": ""begin""}"
debugS0qbJ:debugKo1tc,26,1.68123E+12,"{""phase"": ""rossascale"", ""status"": ""begin""}"
debugS0qbJ:debugKo1tc,27,1.68123E+12,"{""phase"": ""rossascale"", ""status"": ""submit""}"
debugS0qbJ:debugKo1tc,28,1.68123E+12,"{""phase"": ""rossascale"", ""name"": ""10""}"
debugS0qbJ:debugKo1tc,29,1.68123E+12,"{""phase"": ""rossascale"", ""name"": ""10""}"
debugS0qbJ:debugKo1tc,30,1.68123E+12,"{""phase"": ""rossascale"", ""name"": ""10""}"
debugS0qbJ:debugKo1tc,31,1.68123E+12,"{""phase"": ""rossascale"", ""name"": ""10""}"
debugS0qbJ:debugKo1tc,32,1.68123E+12,"{""phase"": ""rossascale"", ""name"": ""10""}"
debugS0qbJ:debugKo1tc,33,1.68123E+12,"{""phase"": ""rossascale"", ""name"": ""10""}"
debugS0qbJ:debugKo1tc,34,1.68123E+12,"{""phase"": ""rossascale"", ""name"": ""10""}"
debugS0qbJ:debugKo1tc,35,1.68123E+12,"{""phase"": ""rossascale"", ""name"": ""10""}"
debugS0qbJ:debugKo1tc,36,1.68123E+12,"{""phase"": ""rossascale"", ""name"": ""10""}"
debugS0qbJ:debugKo1tc,37,1.68123E+12,"{""phase"": ""postquestionnaire"", ""status"": ""begin""}"
debugS0qbJ:debugKo1tc,38,1.68123E+12,"{""phase"": ""postquestionnaire"", ""status"": ""submit""}"
debugS0qbJ:debugKo1tc,39,1.68123E+12,"{""phase"": ""postquestionnaire"", ""name"": ""on""}"
debugS0qbJ:debugKo1tc,40,1.68123E+12,"{""phase"": ""postquestionnaire"", ""name"": ""10""}"
debugB8eoE:debugv0OhH,0,1.68092E+12,"{""phase"": ""INSTRUCTIONS"", ""templates"": [""instructions/instruct-1.html"", ""instructions/instruct-2.html"", ""instructions/instruct-3.html"", ""instructions/instruct-ready.html""], ""action"": ""Begin""}"
debugB8eoE:debugv0OhH,1,1.68092E+12,"{""phase"": ""INSTRUCTIONS"", ""template"": ""instructions/instruct-1.html"", ""indexOf"": 0, ""action"": ""NextPage"", ""viewTime"": 564}"
debugB8eoE:debugv0OhH,2,1.68092E+12,"{""phase"": ""INSTRUCTIONS"", ""template"": ""instructions/instruct-2.html"", ""indexOf"": 1, ""action"": ""NextPage"", ""viewTime"": 234}"
debugB8eoE:debugv0OhH,3,1.68092E+12,"{""phase"": ""INSTRUCTIONS"", ""template"": ""instructions/instruct-3.html"", ""indexOf"": 2, ""action"": ""NextPage"", ""viewTime"": 231}"
debugB8eoE:debugv0OhH,4,1.68092E+12,"{""phase"": ""INSTRUCTIONS"", ""template"": ""instructions/instruct-ready.html"", ""indexOf"": 3, ""action"": ""FinishInstructions"", ""viewTime"": 580}"
debugGqk5n:debug9qLqr,0,1.68093E+12,"{""phase"": ""INSTRUCTIONS"", ""templates"": [""instructions/instruct-1.html"", ""instructions/instruct-2.html"", ""instructions/instruct-3.html"", ""instructions/instruct-ready.html""], ""action"": ""Begin""}"
debugGqk5n:debug9qLqr,1,1.68093E+12,"{""phase"": ""INSTRUCTIONS"", ""template"": ""instructions/instruct-1.html"", ""indexOf"": 0, ""action"": ""NextPage"", ""viewTime"": 962}"
debugGqk5n:debug9qLqr,2,1.68093E+12,"{""phase"": ""INSTRUCTIONS"", ""template"": ""instructions/instruct-2.html"", ""indexOf"": 1, ""action"": ""NextPage"", ""viewTime"": 347}"
debugGqk5n:debug9qLqr,3,1.68093E+12,"{""phase"": ""INSTRUCTIONS"", ""template"": ""instructions/instruct-3.html"", ""indexOf"": 2, ""action"": ""NextPage"", ""viewTime"": 198}"
debugGqk5n:debug9qLqr,4,1.68093E+12,"{""phase"": ""INSTRUCTIONS"", ""template"": ""instructions/instruct-ready.html"", ""indexOf"": 3, ""action"": ""FinishInstructions"", ""viewTime"": 1664}"
debugW8qj1:debugbzdjq,0,1.68113E+12,"{""phase"": ""INSTRUCTIONS"", ""templates"": [""instructions/instruct-1.html"", ""instructions/instruct-2.html"", ""instructions/instruct-3.html"", ""instructions/instruct-ready.html""], ""action"": ""Begin""}"
debugW8qj1:debugbzdjq,1,1.68113E+12,"{""phase"": ""INSTRUCTIONS"", ""template"": ""instructions/instruct-1.html"", ""indexOf"": 0, ""action"": ""NextPage"", ""viewTime"": 1666}"
debugW8qj1:debugbzdjq,2,1.68113E+12,"{""phase"": ""INSTRUCTIONS"", ""template"": ""instructions/instruct-2.html"", ""indexOf"": 1, ""action"": ""NextPage"", ""viewTime"": 1128}"
debugW8qj1:debugbzdjq,3,1.68113E+12,"{""phase"": ""INSTRUCTIONS"", ""template"": ""instructions/instruct-3.html"", ""indexOf"": 2, ""action"": ""NextPage"", ""viewTime"": 732}"
debugW8qj1:debugbzdjq,4,1.68113E+12,"{""phase"": ""INSTRUCTIONS"", ""template"": ""instructions/instruct-ready.html"", ""indexOf"": 3, ""action"": ""FinishInstructions"", ""viewTime"": 1730}"
debugW8qj1:debugbzdjq,5,1.68113E+12,"{""phase"": ""demographics"", ""status"": ""begin""}"
debugW8qj1:debugbzdjq,6,1.68113E+12,"{""phase"": ""demographics"", ""status"": ""submit""}"
debugW8qj1:debugbzdjq,7,1.68113E+12,"{""phase"": ""demographics"", ""gender"": ""female""}"
debugW8qj1:debugbzdjq,8,1.68113E+12,"{""phase"": ""demographics"", ""other"": """"}"
debugW8qj1:debugbzdjq,9,1.68113E+12,"{""phase"": ""demographics"", ""age"": ""56""}"
debugW8qj1:debugbzdjq,10,1.68113E+12,"{""phase"": ""demographics"", ""prolific"": ""56544746""}"
debugW8qj1:debugbzdjq,11,1.68113E+12,"{""phase"": ""demographics"", ""robot"": ""8""}"
debugW8qj1:debugbzdjq,12,1.68113E+12,"{""phase"": ""demographics"", ""prolific"": ""8""}"
debugW8qj1:debugbzdjq,13,1.68113E+12,"{""phase"": ""video-group-1"", ""status"": ""begin""}"
debugW8qj1:debugbzdjq,14,1.68113E+12,"{""phase"": ""rossascale"", ""status"": ""begin""}"
debugW8qj1:debugbzdjq,15,1.68113E+12,"{""phase"": ""rossascale"", ""status"": ""submit""}"
debugW8qj1:debugbzdjq,16,1.68113E+12,"{""phase"": ""rossascale"", ""label"": ""4""}"
debugW8qj1:debugbzdjq,17,1.68113E+12,"{""phase"": ""rossascale"", ""label"": ""4""}"
debugW8qj1:debugbzdjq,18,1.68113E+12,"{""phase"": ""rossascale"", ""label"": ""4""}"
debugW8qj1:debugbzdjq,19,1.68113E+12,"{""phase"": ""rossascale"", ""label"": ""4""}"
debugW8qj1:debugbzdjq,20,1.68113E+12,"{""phase"": ""rossascale"", ""label"": ""4""}"
debugW8qj1:debugbzdjq,21,1.68113E+12,"{""phase"": ""rossascale"", ""label"": ""4""}"
debugW8qj1:debugbzdjq,22,1.68113E+12,"{""phase"": ""rossascale"", ""label"": ""4""}"
debugW8qj1:debugbzdjq,23,1.68113E+12,"{""phase"": ""rossascale"", ""label"": ""4""}"
debugW8qj1:debugbzdjq,24,1.68113E+12,"{""phase"": ""rossascale"", ""label"": ""4""}"
debugW8qj1:debugbzdjq,25,1.68113E+12,"{""phase"": ""rossascale"", ""label"": ""data""}"
debugW8qj1:debugbzdjq,26,1.68113E+12,"{""phase"": ""video-group-1"", ""status"": ""begin""}"
debugW8qj1:debugbzdjq,27,1.68114E+12,"{""phase"": ""rossascale"", ""status"": ""begin""}"
debugW8qj1:debugbzdjq,28,1.68114E+12,"{""phase"": ""rossascale"", ""status"": ""submit""}"
debugW8qj1:debugbzdjq,29,1.68114E+12,"{""phase"": ""rossascale"", ""label"": ""5""}"
debugW8qj1:debugbzdjq,30,1.68114E+12,"{""phase"": ""rossascale"", ""label"": ""5""}"
debugW8qj1:debugbzdjq,31,1.68114E+12,"{""phase"": ""rossascale"", ""label"": ""5""}"
debugW8qj1:debugbzdjq,32,1.68114E+12,"{""phase"": ""rossascale"", ""label"": ""5""}"
debugW8qj1:debugbzdjq,33,1.68114E+12,"{""phase"": ""rossascale"", ""label"": ""5""}"
debugW8qj1:debugbzdjq,34,1.68114E+12,"{""phase"": ""rossascale"", ""label"": ""5""}"
debugW8qj1:debugbzdjq,35,1.68114E+12,"{""phase"": ""rossascale"", ""label"": ""5""}"
debugW8qj1:debugbzdjq,36,1.68114E+12,"{""phase"": ""rossascale"", ""label"": ""5""}"
debugW8qj1:debugbzdjq,37,1.68114E+12,"{""phase"": ""rossascale"", ""label"": ""5""}"
debugW8qj1:debugbzdjq,38,1.68114E+12,"{""phase"": ""rossascale"", ""label"": ""data""}"
debugW8qj1:debugbzdjq,39,1.68114E+12,"{""phase"": ""postquestionnaire"", ""status"": ""begin""}"
debugW8qj1:debugbzdjq,40,1.68114E+12,"{""phase"": ""postquestionnaire"", ""status"": ""submit""}"
debugL5FHE:debugpmbqc,0,1.68119E+12,"{""phase"": ""INSTRUCTIONS"", ""templates"": [""instructions/instruct-1.html"", ""instructions/instruct-2.html"", ""instructions/instruct-3.html"", ""instructions/instruct-ready.html""], ""action"": ""Begin""}"
debugL5FHE:debugpmbqc,1,1.68119E+12,"{""phase"": ""INSTRUCTIONS"", ""template"": ""instructions/instruct-1.html"", ""indexOf"": 0, ""action"": ""NextPage"", ""viewTime"": 1068}"
debugL5FHE:debugpmbqc,2,1.68119E+12,"{""phase"": ""INSTRUCTIONS"", ""template"": ""instructions/instruct-2.html"", ""indexOf"": 1, ""action"": ""NextPage"", ""viewTime"": 498}"
debugL5FHE:debugpmbqc,3,1.68119E+12,"{""phase"": ""INSTRUCTIONS"", ""template"": ""instructions/instruct-3.html"", ""indexOf"": 2, ""action"": ""NextPage"", ""viewTime"": 204}"
debugL5FHE:debugpmbqc,4,1.68119E+12,"{""phase"": ""INSTRUCTIONS"", ""template"": ""instructions/instruct-ready.html"", ""indexOf"": 3, ""action"": ""FinishInstructions"", ""viewTime"": 940}"
debugBVMjF:debugxdKZl,0,1.6814E+12,"{""phase"": ""INSTRUCTIONS"", ""templates"": [""instructions/instruct-1.html"", ""instructions/instruct-2.html"", ""instructions/instruct-3.html"", ""instructions/instruct-ready.html""], ""action"": ""Begin""}"
debugBVMjF:debugxdKZl,1,1.6814E+12,"{""phase"": ""INSTRUCTIONS"", ""template"": ""instructions/instruct-1.html"", ""indexOf"": 0, ""action"": ""NextPage"", ""viewTime"": 734}"
debugBVMjF:debugxdKZl,2,1.6814E+12,"{""phase"": ""INSTRUCTIONS"", ""template"": ""instructions/instruct-2.html"", ""indexOf"": 1, ""action"": ""NextPage"", ""viewTime"": 462}"
debugBVMjF:debugxdKZl,3,1.6814E+12,"{""phase"": ""INSTRUCTIONS"", ""template"": ""instructions/instruct-3.html"", ""indexOf"": 2, ""action"": ""NextPage"", ""viewTime"": 181}"
debugBVMjF:debugxdKZl,4,1.6814E+12,"{""phase"": ""INSTRUCTIONS"", ""template"": ""instructions/instruct-ready.html"", ""indexOf"": 3, ""action"": ""FinishInstructions"", ""viewTime"": 766}"
debugBVMjF:debugxdKZl,5,1.6814E+12,"{""phase"": ""demographics"", ""status"": ""begin""}"
debugBVMjF:debugxdKZl,6,1.6814E+12,"{""phase"": ""demographics"", ""status"": ""submit""}"
debugBVMjF:debugxdKZl,7,1.6814E+12,"{""phase"": ""demographics"", ""gender"": ""female""}"
debugBVMjF:debugxdKZl,8,1.6814E+12,"{""phase"": ""demographics"", ""other-gender"": """"}"
debugBVMjF:debugxdKZl,9,1.6814E+12,"{""phase"": ""demographics"", ""age"": ""35""}"
debugBVMjF:debugxdKZl,10,1.6814E+12,"{""phase"": ""demographics"", ""prolific-id"": ""roy12333""}"
debugBVMjF:debugxdKZl,11,1.6814E+12,"{""phase"": ""demographics"", ""robotics-experience"": ""8""}"
debugBVMjF:debugxdKZl,12,1.6814E+12,"{""phase"": ""demographics"", ""prolific-experience"": ""6""}"
debugBVMjF:debugxdKZl,13,1.6814E+12,"{""phase"": ""video-group-1"", ""status"": ""begin""}"
debugBVMjF:debugxdKZl,14,1.6814E+12,"{""phase"": ""scale"", ""status"": ""begin""}"
debugBVMjF:debugxdKZl,15,1.6814E+12,"{""phase"": ""scale"", ""status"": ""submit""}"
debugBVMjF:debugxdKZl,16,1.6814E+12,"{""phase"": ""scale-questionnaire"", ""scale-reliable"": ""10""}"
debugBVMjF:debugxdKZl,17,1.6814E+12,"{""phase"": ""scale-questionnaire"", ""scale-confident"": ""10""}"
debugBVMjF:debugxdKZl,18,1.6814E+12,"{""phase"": ""scale-questionnaire"", ""scale-responsive"": ""10""}"
debugBVMjF:debugxdKZl,19,1.6814E+12,"{""phase"": ""scale-questionnaire"", ""scale-sociable"": ""10""}"
debugBVMjF:debugxdKZl,20,1.6814E+12,"{""phase"": ""scale-questionnaire"", ""scale-compassion"": ""10""}"
debugBVMjF:debugxdKZl,21,1.6814E+12,"{""phase"": ""scale-questionnaire"", ""scale-awkward"": ""10""}"
debugBVMjF:debugxdKZl,22,1.6814E+12,"{""phase"": ""scale-questionnaire"", ""scale-scary"": ""10""}"
debugBVMjF:debugxdKZl,23,1.6814E+12,"{""phase"": ""scale-questionnaire"", ""scale-strange"": ""10""}"
debugBVMjF:debugxdKZl,24,1.6814E+12,"{""phase"": ""scale-questionnaire"", ""scale-dangerous"": ""10""}"
debugBVMjF:debugxdKZl,25,1.6814E+12,"{""phase"": ""scale-questionnaire"", ""scale-logical"": ""10""}"
debugBVMjF:debugxdKZl,26,1.6814E+12,"{""phase"": ""scale-questionnaire"", ""name"": ""10""}"
debugBVMjF:debugxdKZl,27,1.6814E+12,"{""phase"": ""scale-questionnaire"", ""scale-similar"": ""10""}"
debugBVMjF:debugxdKZl,28,1.6814E+12,"{""phase"": ""video-group-1"", ""status"": ""begin""}"
debugBVMjF:debugxdKZl,29,1.6814E+12,"{""phase"": ""scale"", ""status"": ""begin""}"
debugBVMjF:debugxdKZl,30,1.6814E+12,"{""phase"": ""scale"", ""status"": ""submit""}"
debugBVMjF:debugxdKZl,31,1.6814E+12,"{""phase"": ""scale-questionnaire"", ""scale-reliable"": ""9""}"
debugBVMjF:debugxdKZl,32,1.6814E+12,"{""phase"": ""scale-questionnaire"", ""scale-confident"": ""8""}"
debugBVMjF:debugxdKZl,33,1.6814E+12,"{""phase"": ""scale-questionnaire"", ""scale-responsive"": ""8""}"
debugBVMjF:debugxdKZl,34,1.6814E+12,"{""phase"": ""scale-questionnaire"", ""scale-sociable"": ""8""}"
debugBVMjF:debugxdKZl,35,1.6814E+12,"{""phase"": ""scale-questionnaire"", ""scale-compassion"": ""9""}"
debugBVMjF:debugxdKZl,36,1.6814E+12,"{""phase"": ""scale-questionnaire"", ""scale-awkward"": ""9""}"
debugBVMjF:debugxdKZl,37,1.6814E+12,"{""phase"": ""scale-questionnaire"", ""scale-scary"": ""9""}"
debugBVMjF:debugxdKZl,38,1.6814E+12,"{""phase"": ""scale-questionnaire"", ""scale-strange"": ""9""}"
debugBVMjF:debugxdKZl,39,1.6814E+12,"{""phase"": ""scale-questionnaire"", ""scale-dangerous"": ""8""}"
debugBVMjF:debugxdKZl,40,1.6814E+12,"{""phase"": ""scale-questionnaire"", ""scale-logical"": ""8""}"
debugBVMjF:debugxdKZl,41,1.6814E+12,"{""phase"": ""scale-questionnaire"", ""scale-artifical"": ""8""}"
debugBVMjF:debugxdKZl,42,1.6814E+12,"{""phase"": ""scale-questionnaire"", ""scale-similar"": ""8""}"
debugBVMjF:debugxdKZl,43,1.6814E+12,"{""phase"": ""postquestionnaire"", ""status"": ""begin""}"
debugBVMjF:debugxdKZl,44,1.6814E+12,"{""phase"": ""postquestionnaire"", ""status"": ""submit""}"
debugBVMjF:debugxdKZl,45,1.6814E+12,"{""phase"": ""postquestionnaire"", ""name"": ""on""}"
debugBVMjF:debugxdKZl,46,1.6814E+12,"{""phase"": ""postquestionnaire"", ""name"": ""9""}"
debugLlbJ4:debugJwG9b,0,1.6814E+12,"{""action"": ""Begin"", ""phase"": ""INSTRUCTIONS"", ""templates"": [""instructions/instruct-1.html"", ""instructions/instruct-2.html"", ""instructions/instruct-3.html"", ""instructions/instruct-ready.html""]}"
debugLlbJ4:debugJwG9b,1,1.6814E+12,"{""action"": ""NextPage"", ""indexOf"": 0, ""phase"": ""INSTRUCTIONS"", ""template"": ""instructions/instruct-1.html"", ""viewTime"": 1217}"
debugLlbJ4:debugJwG9b,2,1.6814E+12,"{""action"": ""NextPage"", ""indexOf"": 1, ""phase"": ""INSTRUCTIONS"", ""template"": ""instructions/instruct-2.html"", ""viewTime"": 1675}"
debugLlbJ4:debugJwG9b,3,1.6814E+12,"{""action"": ""NextPage"", ""indexOf"": 2, ""phase"": ""INSTRUCTIONS"", ""template"": ""instructions/instruct-3.html"", ""viewTime"": 1153}"
debugLlbJ4:debugJwG9b,4,1.6814E+12,"{""action"": ""FinishInstructions"", ""indexOf"": 3, ""phase"": ""INSTRUCTIONS"", ""template"": ""instructions/instruct-ready.html"", ""viewTime"": 1265}"
debugLlbJ4:debugJwG9b,5,1.6814E+12,"{""phase"": ""INSTRUCTIONS"", ""templates"": [""instructions/instruct-1.html"", ""instructions/instruct-2.html"", ""instructions/instruct-3.html"", ""instructions/instruct-ready.html""], ""action"": ""Begin""}"
debugLlbJ4:debugJwG9b,6,1.6814E+12,"{""phase"": ""INSTRUCTIONS"", ""template"": ""instructions/instruct-1.html"", ""indexOf"": 0, ""action"": ""NextPage"", ""viewTime"": 1371}"
debugLlbJ4:debugJwG9b,7,1.6814E+12,"{""phase"": ""INSTRUCTIONS"", ""template"": ""instructions/instruct-2.html"", ""indexOf"": 1, ""action"": ""NextPage"", ""viewTime"": 1137}"
debugLlbJ4:debugJwG9b,8,1.6814E+12,"{""phase"": ""INSTRUCTIONS"", ""template"": ""instructions/instruct-3.html"", ""indexOf"": 2, ""action"": ""NextPage"", ""viewTime"": 728}"
debugLlbJ4:debugJwG9b,9,1.6814E+12,"{""phase"": ""INSTRUCTIONS"", ""template"": ""instructions/instruct-ready.html"", ""indexOf"": 3, ""action"": ""FinishInstructions"", ""viewTime"": 1373}"
debugLlbJ4:debugJwG9b,10,1.6814E+12,"{""phase"": ""demographics"", ""status"": ""begin""}"
debugLlbJ4:debugJwG9b,11,1.6814E+12,"{""phase"": ""demographics"", ""status"": ""submit""}"
debugLlbJ4:debugJwG9b,12,1.6814E+12,"{""phase"": ""demographics"", ""gender"": ""female""}"
debugLlbJ4:debugJwG9b,13,1.6814E+12,"{""phase"": ""demographics"", ""other-gender"": """"}"
debugLlbJ4:debugJwG9b,14,1.6814E+12,"{""phase"": ""demographics"", ""age"": ""45""}"
debugLlbJ4:debugJwG9b,15,1.6814E+12,"{""phase"": ""demographics"", ""prolific-id"": ""tryrty""}"
debugLlbJ4:debugJwG9b,16,1.6814E+12,"{""phase"": ""demographics"", ""robotics-experience"": ""8""}"
debugLlbJ4:debugJwG9b,17,1.6814E+12,"{""phase"": ""demographics"", ""prolific-experience"": ""8""}"
debugLlbJ4:debugJwG9b,18,1.6814E+12,"{""phase"": ""video-group-1"", ""status"": ""begin""}"
debugLlbJ4:debugJwG9b,19,1.6814E+12,"{""phase"": ""scale"", ""status"": ""begin""}"
debugLlbJ4:debugJwG9b,20,1.6814E+12,"{""phase"": ""scale"", ""status"": ""submit""}"
debugLlbJ4:debugJwG9b,21,1.6814E+12,"{""phase"": ""scale-questionnaire"", ""scale-reliable"": ""8""}"
debugLlbJ4:debugJwG9b,22,1.6814E+12,"{""phase"": ""scale-questionnaire"", ""scale-confident"": ""8""}"
debugLlbJ4:debugJwG9b,23,1.6814E+12,"{""phase"": ""scale-questionnaire"", ""scale-responsive"": ""8""}"
debugLlbJ4:debugJwG9b,24,1.6814E+12,"{""phase"": ""scale-questionnaire"", ""scale-sociable"": ""8""}"
debugLlbJ4:debugJwG9b,25,1.6814E+12,"{""phase"": ""scale-questionnaire"", ""scale-compassion"": ""8""}"
debugLlbJ4:debugJwG9b,26,1.6814E+12,"{""phase"": ""scale-questionnaire"", ""scale-awkward"": ""8""}"
debugLlbJ4:debugJwG9b,27,1.6814E+12,"{""phase"": ""scale-questionnaire"", ""scale-scary"": ""8""}"
debugLlbJ4:debugJwG9b,28,1.6814E+12,"{""phase"": ""scale-questionnaire"", ""scale-strange"": ""8""}"
debugLlbJ4:debugJwG9b,29,1.6814E+12,"{""phase"": ""scale-questionnaire"", ""scale-dangerous"": ""8""}"
debugLlbJ4:debugJwG9b,30,1.6814E+12,"{""phase"": ""scale-questionnaire"", ""scale-logical"": ""8""}"
debugLlbJ4:debugJwG9b,31,1.6814E+12,"{""phase"": ""scale-questionnaire"", ""scale-artifical"": ""8""}"
debugLlbJ4:debugJwG9b,32,1.6814E+12,"{""phase"": ""scale-questionnaire"", ""scale-similar"": ""8""}"
debugLlbJ4:debugJwG9b,33,1.6814E+12,"{""phase"": ""video-group-1"", ""status"": ""begin""}"
debugLlbJ4:debugJwG9b,34,1.6814E+12,"{""phase"": ""scale"", ""status"": ""begin""}"
debugLlbJ4:debugJwG9b,35,1.6814E+12,"{""phase"": ""scale"", ""status"": ""submit""}"
debugLlbJ4:debugJwG9b,36,1.6814E+12,"{""phase"": ""scale-questionnaire"", ""scale-reliable"": ""8""}"
debugLlbJ4:debugJwG9b,37,1.6814E+12,"{""phase"": ""scale-questionnaire"", ""scale-confident"": ""8""}"
debugLlbJ4:debugJwG9b,38,1.6814E+12,"{""phase"": ""scale-questionnaire"", ""scale-responsive"": ""8""}"
debugLlbJ4:debugJwG9b,39,1.6814E+12,"{""phase"": ""scale-questionnaire"", ""scale-sociable"": ""8""}"
debugLlbJ4:debugJwG9b,40,1.6814E+12,"{""phase"": ""scale-questionnaire"", ""scale-compassion"": ""8""}"
debugLlbJ4:debugJwG9b,41,1.6814E+12,"{""phase"": ""scale-questionnaire"", ""scale-awkward"": ""8""}"
debugLlbJ4:debugJwG9b,42,1.6814E+12,"{""phase"": ""scale-questionnaire"", ""scale-scary"": ""8""}"
debugLlbJ4:debugJwG9b,43,1.6814E+12,"{""phase"": ""scale-questionnaire"", ""scale-strange"": ""8""}"
debugLlbJ4:debugJwG9b,44,1.6814E+12,"{""phase"": ""scale-questionnaire"", ""scale-dangerous"": ""8""}"
debugLlbJ4:debugJwG9b,45,1.6814E+12,"{""phase"": ""scale-questionnaire"", ""scale-logical"": ""8""}"
debugLlbJ4:debugJwG9b,46,1.6814E+12,"{""phase"": ""scale-questionnaire"", ""scale-artifical"": ""8""}"
debugLlbJ4:debugJwG9b,47,1.6814E+12,"{""phase"": ""scale-questionnaire"", ""scale-similar"": ""8""}"
debugLlbJ4:debugJwG9b,48,1.6814E+12,"{""phase"": ""postquestionnaire"", ""status"": ""begin""}"
debugLlbJ4:debugJwG9b,49,1.6814E+12,"{""phase"": ""postquestionnaire"", ""status"": ""submit""}"
debugLlbJ4:debugJwG9b,50,1.6814E+12,"{""phase"": ""postquestionnaire"", ""name"": ""on""}"
debugLlbJ4:debugJwG9b,51,1.6814E+12,"{""phase"": ""postquestionnaire"", ""name"": ""6""}"
debugGlOnh:debugfbEKD,0,1.6814E+12,"{""phase"": ""INSTRUCTIONS"", ""templates"": [""instructions/instruct-1.html"", ""instructions/instruct-2.html"", ""instructions/instruct-3.html"", ""instructions/instruct-ready.html""], ""action"": ""Begin""}"
debugGlOnh:debugfbEKD,1,1.6814E+12,"{""phase"": ""INSTRUCTIONS"", ""template"": ""instructions/instruct-1.html"", ""indexOf"": 0, ""action"": ""NextPage"", ""viewTime"": 876}"
debugGlOnh:debugfbEKD,2,1.6814E+12,"{""phase"": ""INSTRUCTIONS"", ""template"": ""instructions/instruct-2.html"", ""indexOf"": 1, ""action"": ""NextPage"", ""viewTime"": 331}"
debugGlOnh:debugfbEKD,3,1.6814E+12,"{""phase"": ""INSTRUCTIONS"", ""template"": ""instructions/instruct-3.html"", ""indexOf"": 2, ""action"": ""NextPage"", ""viewTime"": 180}"
debugGlOnh:debugfbEKD,4,1.6814E+12,"{""phase"": ""INSTRUCTIONS"", ""template"": ""instructions/instruct-ready.html"", ""indexOf"": 3, ""action"": ""FinishInstructions"", ""viewTime"": 998}"
debugGlOnh:debugfbEKD,5,1.6814E+12,"{""phase"": ""demographics"", ""status"": ""begin""}"
debugGlOnh:debugfbEKD,6,1.6814E+12,"{""phase"": ""demographics"", ""status"": ""submit""}"
debugGlOnh:debugfbEKD,7,1.6814E+12,"{""phase"": ""demographics"", ""gender"": ""male""}"
debugGlOnh:debugfbEKD,8,1.6814E+12,"{""phase"": ""demographics"", ""other-gender"": """"}"
debugGlOnh:debugfbEKD,9,1.6814E+12,"{""phase"": ""demographics"", ""age"": ""35""}"
debugGlOnh:debugfbEKD,10,1.6814E+12,"{""phase"": ""demographics"", ""prolific-id"": ""roy123""}"
debugGlOnh:debugfbEKD,11,1.6814E+12,"{""phase"": ""demographics"", ""robotics-experience"": ""5""}"
debugGlOnh:debugfbEKD,12,1.6814E+12,"{""phase"": ""demographics"", ""prolific-experience"": ""3""}"
debugGlOnh:debugfbEKD,13,1.6814E+12,"{""phase"": ""video-group-1"", ""status"": ""begin""}"
debugGlOnh:debugfbEKD,14,1.6814E+12,"{""phase"": ""scale"", ""status"": ""begin""}"
debugGlOnh:debugfbEKD,15,1.6814E+12,"{""phase"": ""scale"", ""status"": ""submit""}"
debugGlOnh:debugfbEKD,16,1.6814E+12,"{""phase"": ""scale-questionnaire"", ""scale-reliable"": ""6""}"
debugGlOnh:debugfbEKD,17,1.6814E+12,"{""phase"": ""scale-questionnaire"", ""scale-confident"": ""5""}"
debugGlOnh:debugfbEKD,18,1.6814E+12,"{""phase"": ""scale-questionnaire"", ""scale-responsive"": ""7""}"
debugGlOnh:debugfbEKD,19,1.6814E+12,"{""phase"": ""scale-questionnaire"", ""scale-sociable"": ""6""}"
debugGlOnh:debugfbEKD,20,1.6814E+12,"{""phase"": ""scale-questionnaire"", ""scale-compassion"": ""6""}"
debugGlOnh:debugfbEKD,21,1.6814E+12,"{""phase"": ""scale-questionnaire"", ""scale-awkward"": ""5""}"
debugGlOnh:debugfbEKD,22,1.6814E+12,"{""phase"": ""scale-questionnaire"", ""scale-scary"": ""7""}"
debugGlOnh:debugfbEKD,23,1.6814E+12,"{""phase"": ""scale-questionnaire"", ""scale-strange"": ""8""}"
debugGlOnh:debugfbEKD,24,1.6814E+12,"{""phase"": ""scale-questionnaire"", ""scale-dangerous"": ""6""}"
debugGlOnh:debugfbEKD,25,1.6814E+12,"{""phase"": ""scale-questionnaire"", ""scale-logical"": ""6""}"
debugGlOnh:debugfbEKD,26,1.6814E+12,"{""phase"": ""scale-questionnaire"", ""scale-artifical"": ""5""}"
debugGlOnh:debugfbEKD,27,1.6814E+12,"{""phase"": ""scale-questionnaire"", ""scale-similar"": ""8""}"
debugGlOnh:debugfbEKD,28,1.6814E+12,"{""phase"": ""video-group-1"", ""status"": ""begin""}"
debugGlOnh:debugfbEKD,29,1.6814E+12,"{""phase"": ""scale"", ""status"": ""begin""}"
debugGlOnh:debugfbEKD,30,1.6814E+12,"{""phase"": ""scale"", ""status"": ""submit""}"
debugGlOnh:debugfbEKD,31,1.6814E+12,"{""phase"": ""scale-questionnaire"", ""scale-reliable"": ""10""}"
debugGlOnh:debugfbEKD,32,1.6814E+12,"{""phase"": ""scale-questionnaire"", ""scale-confident"": ""7""}"
debugGlOnh:debugfbEKD,33,1.6814E+12,"{""phase"": ""scale-questionnaire"", ""scale-responsive"": ""8""}"
debugGlOnh:debugfbEKD,34,1.6814E+12,"{""phase"": ""scale-questionnaire"", ""scale-sociable"": ""7""}"
debugGlOnh:debugfbEKD,35,1.6814E+12,"{""phase"": ""scale-questionnaire"", ""scale-compassion"": ""7""}"
debugGlOnh:debugfbEKD,36,1.6814E+12,"{""phase"": ""scale-questionnaire"", ""scale-awkward"": ""7""}"
debugGlOnh:debugfbEKD,37,1.6814E+12,"{""phase"": ""scale-questionnaire"", ""scale-scary"": ""6""}"
debugGlOnh:debugfbEKD,38,1.6814E+12,"{""phase"": ""scale-questionnaire"", ""scale-strange"": ""5""}"
debugGlOnh:debugfbEKD,39,1.6814E+12,"{""phase"": ""scale-questionnaire"", ""scale-dangerous"": ""5""}"
debugGlOnh:debugfbEKD,40,1.6814E+12,"{""phase"": ""scale-questionnaire"", ""scale-logical"": ""6""}"
debugGlOnh:debugfbEKD,41,1.6814E+12,"{""phase"": ""scale-questionnaire"", ""scale-artifical"": ""7""}"
debugGlOnh:debugfbEKD,42,1.6814E+12,"{""phase"": ""scale-questionnaire"", ""scale-similar"": ""8""}"
debugGlOnh:debugfbEKD,43,1.6814E+12,"{""phase"": ""postquestionnaire"", ""status"": ""begin""}"
debugGlOnh:debugfbEKD,44,1.6814E+12,"{""phase"": ""postquestionnaire"", ""status"": ""submit""}"
debugGlOnh:debugfbEKD,45,1.6814E+12,"{""phase"": ""postquestionnaire"", ""name"": ""on""}"
debugGlOnh:debugfbEKD,46,1.6814E+12,"{""phase"": ""postquestionnaire"", ""name"": ""5""}"
debugYI3O3S:debugFP14VL,0,1.68145E+12,"{""phase"": ""INSTRUCTIONS"", ""templates"": [""instructions/instruct-1.html"", ""instructions/instruct-2.html"", ""instructions/instruct-3.html"", ""instructions/instruct-ready.html""], ""action"": ""Begin""}"
debugYI3O3S:debugFP14VL,1,1.68145E+12,"{""phase"": ""INSTRUCTIONS"", ""template"": ""instructions/instruct-1.html"", ""indexOf"": 0, ""action"": ""NextPage"", ""viewTime"": 1123}"
debugYI3O3S:debugFP14VL,2,1.68145E+12,"{""phase"": ""INSTRUCTIONS"", ""template"": ""instructions/instruct-2.html"", ""indexOf"": 1, ""action"": ""NextPage"", ""viewTime"": 263}"
debugYI3O3S:debugFP14VL,3,1.68145E+12,"{""phase"": ""INSTRUCTIONS"", ""template"": ""instructions/instruct-3.html"", ""indexOf"": 2, ""action"": ""NextPage"", ""viewTime"": 165}"
debugYI3O3S:debugFP14VL,4,1.68145E+12,"{""phase"": ""INSTRUCTIONS"", ""template"": ""instructions/instruct-ready.html"", ""indexOf"": 3, ""action"": ""FinishInstructions"", ""viewTime"": 1165}"
debug91XJGV:debugSAHESU,0,1.68144E+12,"{""phase"": ""INSTRUCTIONS"", ""templates"": [""instructions/instruct-1.html"", ""instructions/instruct-2.html"", ""instructions/instruct-3.html"", ""instructions/instruct-ready.html""], ""action"": ""Begin""}"
debug91XJGV:debugSAHESU,1,1.68144E+12,"{""phase"": ""INSTRUCTIONS"", ""template"": ""instructions/instruct-1.html"", ""indexOf"": 0, ""action"": ""NextPage"", ""viewTime"": 1291}"
debug91XJGV:debugSAHESU,2,1.68144E+12,"{""phase"": ""INSTRUCTIONS"", ""template"": ""instructions/instruct-2.html"", ""indexOf"": 1, ""action"": ""NextPage"", ""viewTime"": 464}"
debug91XJGV:debugSAHESU,3,1.68144E+12,"{""phase"": ""INSTRUCTIONS"", ""template"": ""instructions/instruct-3.html"", ""indexOf"": 2, ""action"": ""NextPage"", ""viewTime"": 146}"
debug91XJGV:debugSAHESU,4,1.68144E+12,"{""phase"": ""INSTRUCTIONS"", ""template"": ""instructions/instruct-ready.html"", ""indexOf"": 3, ""action"": ""FinishInstructions"", ""viewTime"": 832}"
debugW9FASE:debug72YFKI,0,1.68145E+12,"{""phase"": ""INSTRUCTIONS"", ""templates"": [""instructions/instruct-1.html"", ""instructions/instruct-2.html"", ""instructions/instruct-3.html"", ""instructions/instruct-ready.html""], ""action"": ""Begin""}"
debugW9FASE:debug72YFKI,1,1.68145E+12,"{""phase"": ""INSTRUCTIONS"", ""template"": ""instructions/instruct-1.html"", ""indexOf"": 0, ""action"": ""NextPage"", ""viewTime"": 946}"
debugW9FASE:debug72YFKI,2,1.68145E+12,"{""phase"": ""INSTRUCTIONS"", ""template"": ""instructions/instruct-2.html"", ""indexOf"": 1, ""action"": ""NextPage"", ""viewTime"": 414}"
debugW9FASE:debug72YFKI,3,1.68145E+12,"{""phase"": ""INSTRUCTIONS"", ""template"": ""instructions/instruct-3.html"", ""indexOf"": 2, ""action"": ""NextPage"", ""viewTime"": 182}"
debugW9FASE:debug72YFKI,4,1.68145E+12,"{""phase"": ""INSTRUCTIONS"", ""template"": ""instructions/instruct-ready.html"", ""indexOf"": 3, ""action"": ""FinishInstructions"", ""viewTime"": 1130}"
debugMNxzO:debugIScUq,0,1.68145E+12,"{""phase"": ""INSTRUCTIONS"", ""templates"": [""instructions/instruct-1.html"", ""instructions/instruct-2.html"", ""instructions/instruct-3.html"", ""instructions/instruct-ready.html""], ""action"": ""Begin""}"
debugMNxzO:debugIScUq,1,1.68145E+12,"{""phase"": ""INSTRUCTIONS"", ""template"": ""instructions/instruct-1.html"", ""indexOf"": 0, ""action"": ""NextPage"", ""viewTime"": 2061}"
debugMNxzO:debugIScUq,2,1.68145E+12,"{""phase"": ""INSTRUCTIONS"", ""template"": ""instructions/instruct-2.html"", ""indexOf"": 1, ""action"": ""NextPage"", ""viewTime"": 931}"
debugMNxzO:debugIScUq,3,1.68145E+12,"{""phase"": ""INSTRUCTIONS"", ""template"": ""instructions/instruct-3.html"", ""indexOf"": 2, ""action"": ""NextPage"", ""viewTime"": 7081}"
debugMNxzO:debugIScUq,4,1.68145E+12,"{""phase"": ""INSTRUCTIONS"", ""template"": ""instructions/instruct-ready.html"", ""indexOf"": 3, ""action"": ""FinishInstructions"", ""viewTime"": 1609}"
debugMNxzO:debugIScUq,5,1.68145E+12,"{""phase"": ""demographics"", ""status"": ""begin""}"
debugMNxzO:debugIScUq,6,1.68145E+12,"{""phase"": ""demographics"", ""status"": ""submit""}"
debugMNxzO:debugIScUq,7,1.68145E+12,"{""phase"": ""demographics"", ""gender"": ""male""}"
debugMNxzO:debugIScUq,8,1.68145E+12,"{""phase"": ""demographics"", ""other-gender"": """"}"
debugMNxzO:debugIScUq,9,1.68145E+12,"{""phase"": ""demographics"", ""age"": ""22""}"
debugMNxzO:debugIScUq,10,1.68145E+12,"{""phase"": ""demographics"", ""prolific-id"": ""2""}"
debugMNxzO:debugIScUq,11,1.68145E+12,"{""phase"": ""demographics"", ""robotics-experience"": ""10""}"
debugMNxzO:debugIScUq,12,1.68145E+12,"{""phase"": ""demographics"", ""prolific-experience"": ""10""}"
debugMNxzO:debugIScUq,13,1.68145E+12,"{""phase"": ""video-group-1"", ""status"": ""begin""}"
debugMNxzO:debugIScUq,14,1.68145E+12,"{""phase"": ""scale"", ""status"": ""begin""}"
debugMNxzO:debugIScUq,15,1.68145E+12,"{""phase"": ""scale"", ""status"": ""submit""}"
debugMNxzO:debugIScUq,16,1.68145E+12,"{""phase"": ""scale-questionnaire"", ""scale-reliable"": ""10""}"
debugMNxzO:debugIScUq,17,1.68145E+12,"{""phase"": ""scale-questionnaire"", ""scale-confident"": ""9""}"
debugMNxzO:debugIScUq,18,1.68145E+12,"{""phase"": ""scale-questionnaire"", ""scale-responsive"": ""8""}"
debugMNxzO:debugIScUq,19,1.68145E+12,"{""phase"": ""scale-questionnaire"", ""scale-sociable"": ""7""}"
debugMNxzO:debugIScUq,20,1.68145E+12,"{""phase"": ""scale-questionnaire"", ""scale-compassion"": ""6""}"
debugMNxzO:debugIScUq,21,1.68145E+12,"{""phase"": ""scale-questionnaire"", ""scale-awkward"": ""5""}"
debugMNxzO:debugIScUq,22,1.68145E+12,"{""phase"": ""scale-questionnaire"", ""scale-scary"": ""4""}"
debugMNxzO:debugIScUq,23,1.68145E+12,"{""phase"": ""scale-questionnaire"", ""scale-strange"": ""3""}"
debugMNxzO:debugIScUq,24,1.68145E+12,"{""phase"": ""scale-questionnaire"", ""scale-dangerous"": ""3""}"
debugMNxzO:debugIScUq,25,1.68145E+12,"{""phase"": ""scale-questionnaire"", ""scale-logical"": ""2""}"
debugMNxzO:debugIScUq,26,1.68145E+12,"{""phase"": ""scale-questionnaire"", ""scale-artifical"": ""1""}"
debugMNxzO:debugIScUq,27,1.68145E+12,"{""phase"": ""scale-questionnaire"", ""scale-similar"": ""10""}"
debugMNxzO:debugIScUq,28,1.68145E+12,"{""phase"": ""video-group-1"", ""status"": ""begin""}"
debugMNxzO:debugIScUq,29,1.68145E+12,"{""phase"": ""scale"", ""status"": ""begin""}"
debugMNxzO:debugIScUq,30,1.68145E+12,"{""phase"": ""scale"", ""status"": ""submit""}"
debugMNxzO:debugIScUq,31,1.68145E+12,"{""phase"": ""scale-questionnaire"", ""scale-reliable"": ""1""}"
debugMNxzO:debugIScUq,32,1.68145E+12,"{""phase"": ""scale-questionnaire"", ""scale-confident"": ""2""}"
debugMNxzO:debugIScUq,33,1.68145E+12,"{""phase"": ""scale-questionnaire"", ""scale-responsive"": ""3""}"
debugMNxzO:debugIScUq,34,1.68145E+12,"{""phase"": ""scale-questionnaire"", ""scale-sociable"": ""4""}"
debugMNxzO:debugIScUq,35,1.68145E+12,"{""phase"": ""scale-questionnaire"", ""scale-compassion"": ""5""}"
debugMNxzO:debugIScUq,36,1.68145E+12,"{""phase"": ""scale-questionnaire"", ""scale-awkward"": ""6""}"
debugMNxzO:debugIScUq,37,1.68145E+12,"{""phase"": ""scale-questionnaire"", ""scale-scary"": ""7""}"
debugMNxzO:debugIScUq,38,1.68145E+12,"{""phase"": ""scale-questionnaire"", ""scale-strange"": ""8""}"
debugMNxzO:debugIScUq,39,1.68145E+12,"{""phase"": ""scale-questionnaire"", ""scale-dangerous"": ""9""}"
debugMNxzO:debugIScUq,40,1.68145E+12,"{""phase"": ""scale-questionnaire"", ""scale-logical"": ""10""}"
debugMNxzO:debugIScUq,41,1.68145E+12,"{""phase"": ""scale-questionnaire"", ""scale-artifical"": ""1""}"
debugMNxzO:debugIScUq,42,1.68145E+12,"{""phase"": ""scale-questionnaire"", ""scale-similar"": ""2""}"
debugMNxzO:debugIScUq,43,1.68145E+12,"{""phase"": ""postquestionnaire"", ""status"": ""begin""}"
debugMNxzO:debugIScUq,44,1.68145E+12,"{""phase"": ""postquestionnaire"", ""status"": ""submit""}"
debugMNxzO:debugIScUq,45,1.68145E+12,"{""phase"": ""postquestionnaire"", ""name"": ""on""}"
debugMNxzO:debugIScUq,46,1.68145E+12,"{""phase"": ""postquestionnaire"", ""name"": ""5""}"
debugYUUPDW:debug1FK3OL,0,1.68145E+12,"{""phase"": ""INSTRUCTIONS"", ""templates"": [""instructions/instruct-1.html"", ""instructions/instruct-2.html"", ""instructions/instruct-3.html"", ""instructions/instruct-ready.html""], ""action"": ""Begin""}"
debugYUUPDW:debug1FK3OL,1,1.68145E+12,"{""phase"": ""INSTRUCTIONS"", ""template"": ""instructions/instruct-1.html"", ""indexOf"": 0, ""action"": ""NextPage"", ""viewTime"": 1175}"
debugYUUPDW:debug1FK3OL,2,1.68145E+12,"{""phase"": ""INSTRUCTIONS"", ""template"": ""instructions/instruct-2.html"", ""indexOf"": 1, ""action"": ""NextPage"", ""viewTime"": 448}"
debugYUUPDW:debug1FK3OL,3,1.68145E+12,"{""phase"": ""INSTRUCTIONS"", ""template"": ""instructions/instruct-3.html"", ""indexOf"": 2, ""action"": ""NextPage"", ""viewTime"": 180}"
debugYUUPDW:debug1FK3OL,4,1.68145E+12,"{""phase"": ""INSTRUCTIONS"", ""template"": ""instructions/instruct-ready.html"", ""indexOf"": 3, ""action"": ""FinishInstructions"", ""viewTime"": 964}"
debug02xgD:debug4Z6q0,0,1.68149E+12,"{""phase"": ""INSTRUCTIONS"", ""templates"": [""instructions/instruct-1.html"", ""instructions/instruct-2.html"", ""instructions/instruct-3.html"", ""instructions/instruct-ready.html""], ""action"": ""Begin""}"
debug02xgD:debug4Z6q0,1,1.68149E+12,"{""phase"": ""INSTRUCTIONS"", ""template"": ""instructions/instruct-1.html"", ""indexOf"": 0, ""action"": ""NextPage"", ""viewTime"": 9330}"
debug02xgD:debug4Z6q0,2,1.68149E+12,"{""phase"": ""INSTRUCTIONS"", ""template"": ""instructions/instruct-2.html"", ""indexOf"": 1, ""action"": ""NextPage"", ""viewTime"": 16556}"
debug02xgD:debug4Z6q0,3,1.68149E+12,"{""phase"": ""INSTRUCTIONS"", ""template"": ""instructions/instruct-3.html"", ""indexOf"": 2, ""action"": ""NextPage"", ""viewTime"": 28244}"
debug02xgD:debug4Z6q0,4,1.68149E+12,"{""phase"": ""INSTRUCTIONS"", ""template"": ""instructions/instruct-ready.html"", ""indexOf"": 3, ""action"": ""FinishInstructions"", ""viewTime"": 1557}"
debugTM0Ow:debugSG6fH,0,1.68149E+12,"{""phase"": ""INSTRUCTIONS"", ""templates"": [""instructions/instruct-1.html"", ""instructions/instruct-2.html"", ""instructions/instruct-3.html"", ""instructions/instruct-ready.html""], ""action"": ""Begin""}"
debugTM0Ow:debugSG6fH,1,1.68149E+12,"{""phase"": ""INSTRUCTIONS"", ""template"": ""instructions/instruct-1.html"", ""indexOf"": 0, ""action"": ""NextPage"", ""viewTime"": 1785}"
debugTM0Ow:debugSG6fH,2,1.68149E+12,"{""phase"": ""INSTRUCTIONS"", ""template"": ""instructions/instruct-2.html"", ""indexOf"": 1, ""action"": ""NextPage"", ""viewTime"": 934}"
debugTM0Ow:debugSG6fH,3,1.68149E+12,"{""phase"": ""INSTRUCTIONS"", ""template"": ""instructions/instruct-3.html"", ""indexOf"": 2, ""action"": ""NextPage"", ""viewTime"": 27424}"
debugTM0Ow:debugSG6fH,4,1.68149E+12,"{""phase"": ""INSTRUCTIONS"", ""template"": ""instructions/instruct-ready.html"", ""indexOf"": 3, ""action"": ""FinishInstructions"", ""viewTime"": 1137}"
debugTM0Ow:debugSG6fH,5,1.68149E+12,"{""phase"": ""demographics"", ""status"": ""begin""}"
debugTM0Ow:debugSG6fH,6,1.68149E+12,"{""phase"": ""demographics"", ""status"": ""submit""}"
debugTM0Ow:debugSG6fH,7,1.68149E+12,"{""phase"": ""demographics"", ""gender"": ""female""}"
debugTM0Ow:debugSG6fH,8,1.68149E+12,"{""phase"": ""demographics"", ""other-gender"": """"}"
debugTM0Ow:debugSG6fH,9,1.68149E+12,"{""phase"": ""demographics"", ""age"": ""28""}"
debugTM0Ow:debugSG6fH,10,1.68149E+12,"{""phase"": ""demographics"", ""prolific-id"": ""abcd""}"
debugTM0Ow:debugSG6fH,11,1.68149E+12,"{""phase"": ""demographics"", ""robotics-experience"": ""7""}"
debugTM0Ow:debugSG6fH,12,1.68149E+12,"{""phase"": ""demographics"", ""prolific-experience"": ""7""}"
debugTM0Ow:debugSG6fH,13,1.68149E+12,"{""phase"": ""video-group-1"", ""status"": ""begin""}"
debugTM0Ow:debugSG6fH,14,1.68149E+12,"{""phase"": ""scale"", ""status"": ""begin""}"
debugTM0Ow:debugSG6fH,15,1.68149E+12,"{""phase"": ""scale"", ""status"": ""submit""}"
debugTM0Ow:debugSG6fH,16,1.68149E+12,"{""phase"": ""scale-questionnaire"", ""scale-reliable"": ""8""}"
debugTM0Ow:debugSG6fH,17,1.68149E+12,"{""phase"": ""scale-questionnaire"", ""scale-confident"": ""7""}"
debugTM0Ow:debugSG6fH,18,1.68149E+12,"{""phase"": ""scale-questionnaire"", ""scale-responsive"": ""5""}"
debugTM0Ow:debugSG6fH,19,1.68149E+12,"{""phase"": ""scale-questionnaire"", ""scale-sociable"": ""6""}"
debugTM0Ow:debugSG6fH,20,1.68149E+12,"{""phase"": ""scale-questionnaire"", ""scale-compassion"": ""5""}"
debugTM0Ow:debugSG6fH,21,1.68149E+12,"{""phase"": ""scale-questionnaire"", ""scale-awkward"": ""4""}"
debugTM0Ow:debugSG6fH,22,1.68149E+12,"{""phase"": ""scale-questionnaire"", ""scale-scary"": ""3""}"
debugTM0Ow:debugSG6fH,23,1.68149E+12,"{""phase"": ""scale-questionnaire"", ""scale-strange"": ""2""}"
debugTM0Ow:debugSG6fH,24,1.68149E+12,"{""phase"": ""scale-questionnaire"", ""scale-dangerous"": ""4""}"
debugTM0Ow:debugSG6fH,25,1.68149E+12,"{""phase"": ""scale-questionnaire"", ""scale-logical"": ""6""}"
debugTM0Ow:debugSG6fH,26,1.68149E+12,"{""phase"": ""scale-questionnaire"", ""scale-artifical"": ""7""}"
debugTM0Ow:debugSG6fH,27,1.68149E+12,"{""phase"": ""scale-questionnaire"", ""scale-similar"": ""6""}"
debugTM0Ow:debugSG6fH,28,1.68149E+12,"{""phase"": ""video-group-1"", ""status"": ""begin""}"
debugTM0Ow:debugSG6fH,29,1.68149E+12,"{""phase"": ""scale"", ""status"": ""begin""}"
debugTM0Ow:debugSG6fH,30,1.68149E+12,"{""phase"": ""scale"", ""status"": ""submit""}"
debugTM0Ow:debugSG6fH,31,1.68149E+12,"{""phase"": ""scale-questionnaire"", ""scale-reliable"": ""7""}"
debugTM0Ow:debugSG6fH,32,1.68149E+12,"{""phase"": ""scale-questionnaire"", ""scale-confident"": ""6""}"
debugTM0Ow:debugSG6fH,33,1.68149E+12,"{""phase"": ""scale-questionnaire"", ""scale-responsive"": ""5""}"
debugTM0Ow:debugSG6fH,34,1.68149E+12,"{""phase"": ""scale-questionnaire"", ""scale-sociable"": ""6""}"
debugTM0Ow:debugSG6fH,35,1.68149E+12,"{""phase"": ""scale-questionnaire"", ""scale-compassion"": ""6""}"
debugTM0Ow:debugSG6fH,36,1.68149E+12,"{""phase"": ""scale-questionnaire"", ""scale-awkward"": ""5""}"
debugTM0Ow:debugSG6fH,37,1.68149E+12,"{""phase"": ""scale-questionnaire"", ""scale-scary"": ""5""}"
debugTM0Ow:debugSG6fH,38,1.68149E+12,"{""phase"": ""scale-questionnaire"", ""scale-strange"": ""6""}"
debugTM0Ow:debugSG6fH,39,1.68149E+12,"{""phase"": ""scale-questionnaire"", ""scale-dangerous"": ""3""}"
debugTM0Ow:debugSG6fH,40,1.68149E+12,"{""phase"": ""scale-questionnaire"", ""scale-logical"": ""7""}"
debugTM0Ow:debugSG6fH,41,1.68149E+12,"{""phase"": ""scale-questionnaire"", ""scale-artifical"": ""4""}"
debugTM0Ow:debugSG6fH,42,1.68149E+12,"{""phase"": ""scale-questionnaire"", ""scale-similar"": ""8""}"
debugTM0Ow:debugSG6fH,43,1.68149E+12,"{""phase"": ""postquestionnaire"", ""status"": ""begin""}"
debugTM0Ow:debugSG6fH,44,1.68149E+12,"{""phase"": ""postquestionnaire"", ""status"": ""submit""}"
debugTM0Ow:debugSG6fH,45,1.68149E+12,"{""phase"": ""postquestionnaire"", ""name"": ""on""}"
debugTM0Ow:debugSG6fH,46,1.68149E+12,"{""phase"": ""postquestionnaire"", ""name"": ""5""}"
debugHE6BR6:debugV53TEU,0,1.68145E+12,"{""phase"": ""INSTRUCTIONS"", ""templates"": [""instructions/instruct-1.html"", ""instructions/instruct-2.html"", ""instructions/instruct-3.html"", ""instructions/instruct-ready.html""], ""action"": ""Begin""}"
debugHE6BR6:debugV53TEU,1,1.68145E+12,"{""phase"": ""INSTRUCTIONS"", ""template"": ""instructions/instruct-1.html"", ""indexOf"": 0, ""action"": ""NextPage"", ""viewTime"": 625}"
debugHE6BR6:debugV53TEU,2,1.68145E+12,"{""phase"": ""INSTRUCTIONS"", ""template"": ""instructions/instruct-2.html"", ""indexOf"": 1, ""action"": ""NextPage"", ""viewTime"": 363}"
debugHE6BR6:debugV53TEU,3,1.68145E+12,"{""phase"": ""INSTRUCTIONS"", ""template"": ""instructions/instruct-3.html"", ""indexOf"": 2, ""action"": ""NextPage"", ""viewTime"": 247}"
debugHE6BR6:debugV53TEU,4,1.68145E+12,"{""phase"": ""INSTRUCTIONS"", ""template"": ""instructions/instruct-ready.html"", ""indexOf"": 3, ""action"": ""FinishInstructions"", ""viewTime"": 781}"
debugVJOU0P:debugC19G12,0,1.68145E+12,"{""phase"": ""INSTRUCTIONS"", ""templates"": [""instructions/instruct-1.html"", ""instructions/instruct-2.html"", ""instructions/instruct-3.html"", ""instructions/instruct-ready.html""], ""action"": ""Begin""}"
debugVJOU0P:debugC19G12,1,1.68145E+12,"{""phase"": ""INSTRUCTIONS"", ""template"": ""instructions/instruct-1.html"", ""indexOf"": 0, ""action"": ""NextPage"", ""viewTime"": 671}"
debugVJOU0P:debugC19G12,2,1.68145E+12,"{""phase"": ""INSTRUCTIONS"", ""template"": ""instructions/instruct-2.html"", ""indexOf"": 1, ""action"": ""NextPage"", ""viewTime"": 313}"
debugVJOU0P:debugC19G12,3,1.68145E+12,"{""phase"": ""INSTRUCTIONS"", ""template"": ""instructions/instruct-3.html"", ""indexOf"": 2, ""action"": ""NextPage"", ""viewTime"": 181}"
debugVJOU0P:debugC19G12,4,1.68145E+12,"{""phase"": ""INSTRUCTIONS"", ""template"": ""instructions/instruct-ready.html"", ""indexOf"": 3, ""action"": ""FinishInstructions"", ""viewTime"": 647}"
debugLTAQ7B:debug6NTEZI,0,1.68145E+12,"{""phase"": ""INSTRUCTIONS"", ""templates"": [""instructions/instruct-1.html"", ""instructions/instruct-2.html"", ""instructions/instruct-3.html"", ""instructions/instruct-ready.html""], ""action"": ""Begin""}"
debugLTAQ7B:debug6NTEZI,1,1.68145E+12,"{""phase"": ""INSTRUCTIONS"", ""template"": ""instructions/instruct-1.html"", ""indexOf"": 0, ""action"": ""NextPage"", ""viewTime"": 906}"
debugLTAQ7B:debug6NTEZI,2,1.68145E+12,"{""phase"": ""INSTRUCTIONS"", ""template"": ""instructions/instruct-2.html"", ""indexOf"": 1, ""action"": ""NextPage"", ""viewTime"": 247}"
debugLTAQ7B:debug6NTEZI,3,1.68145E+12,"{""phase"": ""INSTRUCTIONS"", ""template"": ""instructions/instruct-3.html"", ""indexOf"": 2, ""action"": ""NextPage"", ""viewTime"": 163}"
debugLTAQ7B:debug6NTEZI,4,1.68145E+12,"{""phase"": ""INSTRUCTIONS"", ""template"": ""instructions/instruct-ready.html"", ""indexOf"": 3, ""action"": ""FinishInstructions"", ""viewTime"": 1030}"
debugFBS3TP:debug1DPJ0B,0,1.68145E+12,"{""phase"": ""INSTRUCTIONS"", ""templates"": [""instructions/instruct-1.html"", ""instructions/instruct-2.html"", ""instructions/instruct-3.html"", ""instructions/instruct-ready.html""], ""action"": ""Begin""}"
debugFBS3TP:debug1DPJ0B,1,1.68145E+12,"{""phase"": ""INSTRUCTIONS"", ""template"": ""instructions/instruct-1.html"", ""indexOf"": 0, ""action"": ""NextPage"", ""viewTime"": 1423}"
debugFBS3TP:debug1DPJ0B,2,1.68145E+12,"{""phase"": ""INSTRUCTIONS"", ""template"": ""instructions/instruct-2.html"", ""indexOf"": 1, ""action"": ""NextPage"", ""viewTime"": 314}"
debugFBS3TP:debug1DPJ0B,3,1.68145E+12,"{""phase"": ""INSTRUCTIONS"", ""template"": ""instructions/instruct-3.html"", ""indexOf"": 2, ""action"": ""NextPage"", ""viewTime"": 147}"
debugFBS3TP:debug1DPJ0B,4,1.68145E+12,"{""phase"": ""INSTRUCTIONS"", ""template"": ""instructions/instruct-ready.html"", ""indexOf"": 3, ""action"": ""FinishInstructions"", ""viewTime"": 1148}"
debugHLSY6T:debugA1ARO0,0,1.68145E+12,"{""phase"": ""INSTRUCTIONS"", ""templates"": [""instructions/instruct-1.html"", ""instructions/instruct-2.html"", ""instructions/instruct-3.html"", ""instructions/instruct-ready.html""], ""action"": ""Begin""}"
debugHLSY6T:debugA1ARO0,1,1.68145E+12,"{""phase"": ""INSTRUCTIONS"", ""template"": ""instructions/instruct-1.html"", ""indexOf"": 0, ""action"": ""NextPage"", ""viewTime"": 1075}"
debugHLSY6T:debugA1ARO0,2,1.68145E+12,"{""phase"": ""INSTRUCTIONS"", ""template"": ""instructions/instruct-2.html"", ""indexOf"": 1, ""action"": ""NextPage"", ""viewTime"": 348}"
debugHLSY6T:debugA1ARO0,3,1.68145E+12,"{""phase"": ""INSTRUCTIONS"", ""template"": ""instructions/instruct-3.html"", ""indexOf"": 2, ""action"": ""NextPage"", ""viewTime"": 179}"
debugHLSY6T:debugA1ARO0,4,1.68145E+12,"{""phase"": ""INSTRUCTIONS"", ""template"": ""instructions/instruct-ready.html"", ""indexOf"": 3, ""action"": ""FinishInstructions"", ""viewTime"": 816}"
debugHLSY6T:debugA1ARO0,5,1.68145E+12,"{""phase"": ""demographics"", ""status"": ""begin""}"
debugHLSY6T:debugA1ARO0,6,1.68145E+12,"{""phase"": ""demographics"", ""status"": ""submit""}"
debugHLSY6T:debugA1ARO0,7,1.68145E+12,"{""phase"": ""demographics"", ""gender"": ""male""}"
debugHLSY6T:debugA1ARO0,8,1.68145E+12,"{""phase"": ""demographics"", ""other-gender"": """"}"
debugHLSY6T:debugA1ARO0,9,1.68145E+12,"{""phase"": ""demographics"", ""age"": ""21""}"
debugHLSY6T:debugA1ARO0,10,1.68145E+12,"{""phase"": ""demographics"", ""prolific-id"": ""10""}"
debugHLSY6T:debugA1ARO0,11,1.68145E+12,"{""phase"": ""demographics"", ""robotics-experience"": ""10""}"
debugHLSY6T:debugA1ARO0,12,1.68145E+12,"{""phase"": ""demographics"", ""prolific-experience"": ""10""}"
debugHLSY6T:debugA1ARO0,13,1.68145E+12,"{""phase"": ""video-group-1"", ""status"": ""begin""}"
debugHLSY6T:debugA1ARO0,14,1.68145E+12,"{""phase"": ""scale"", ""status"": ""begin""}"
debugHLSY6T:debugA1ARO0,15,1.68145E+12,"{""phase"": ""scale"", ""status"": ""submit""}"
debugHLSY6T:debugA1ARO0,16,1.68145E+12,"{""phase"": ""scale-questionnaire"", ""scale-reliable"": ""10""}"
debugHLSY6T:debugA1ARO0,17,1.68145E+12,"{""phase"": ""scale-questionnaire"", ""scale-confident"": ""10""}"
debugHLSY6T:debugA1ARO0,18,1.68145E+12,"{""phase"": ""scale-questionnaire"", ""scale-responsive"": ""10""}"
debugHLSY6T:debugA1ARO0,19,1.68145E+12,"{""phase"": ""scale-questionnaire"", ""scale-sociable"": ""10""}"
debugHLSY6T:debugA1ARO0,20,1.68145E+12,"{""phase"": ""scale-questionnaire"", ""scale-compassion"": ""10""}"
debugHLSY6T:debugA1ARO0,21,1.68145E+12,"{""phase"": ""scale-questionnaire"", ""scale-awkward"": ""10""}"
debugHLSY6T:debugA1ARO0,22,1.68145E+12,"{""phase"": ""scale-questionnaire"", ""scale-scary"": ""10""}"
debugHLSY6T:debugA1ARO0,23,1.68145E+12,"{""phase"": ""scale-questionnaire"", ""scale-strange"": ""10""}"
debugHLSY6T:debugA1ARO0,24,1.68145E+12,"{""phase"": ""scale-questionnaire"", ""scale-dangerous"": ""10""}"
debugHLSY6T:debugA1ARO0,25,1.68145E+12,"{""phase"": ""scale-questionnaire"", ""scale-logical"": ""10""}"
debugHLSY6T:debugA1ARO0,26,1.68145E+12,"{""phase"": ""scale-questionnaire"", ""scale-artifical"": ""10""}"
debugHLSY6T:debugA1ARO0,27,1.68145E+12,"{""phase"": ""scale-questionnaire"", ""scale-similar"": ""10""}"
debugHLSY6T:debugA1ARO0,28,1.68145E+12,"{""phase"": ""video-group-1"", ""status"": ""begin""}"
debugHLSY6T:debugA1ARO0,29,1.68145E+12,"{""phase"": ""scale"", ""status"": ""begin""}"
debugHLSY6T:debugA1ARO0,30,1.68145E+12,"{""phase"": ""scale"", ""status"": ""submit""}"
debugHLSY6T:debugA1ARO0,31,1.68145E+12,"{""phase"": ""scale-questionnaire"", ""scale-reliable"": ""10""}"
debugHLSY6T:debugA1ARO0,32,1.68145E+12,"{""phase"": ""scale-questionnaire"", ""scale-confident"": ""10""}"
debugHLSY6T:debugA1ARO0,33,1.68145E+12,"{""phase"": ""scale-questionnaire"", ""scale-responsive"": ""10""}"
debugHLSY6T:debugA1ARO0,34,1.68145E+12,"{""phase"": ""scale-questionnaire"", ""scale-sociable"": ""10""}"
debugHLSY6T:debugA1ARO0,35,1.68145E+12,"{""phase"": ""scale-questionnaire"", ""scale-compassion"": ""10""}"
debugHLSY6T:debugA1ARO0,36,1.68145E+12,"{""phase"": ""scale-questionnaire"", ""scale-awkward"": ""10""}"
debugHLSY6T:debugA1ARO0,37,1.68145E+12,"{""phase"": ""scale-questionnaire"", ""scale-scary"": ""10""}"
debugHLSY6T:debugA1ARO0,38,1.68145E+12,"{""phase"": ""scale-questionnaire"", ""scale-strange"": ""10""}"
debugHLSY6T:debugA1ARO0,39,1.68145E+12,"{""phase"": ""scale-questionnaire"", ""scale-dangerous"": ""10""}"
debugHLSY6T:debugA1ARO0,40,1.68145E+12,"{""phase"": ""scale-questionnaire"", ""scale-logical"": ""10""}"
debugHLSY6T:debugA1ARO0,41,1.68145E+12,"{""phase"": ""scale-questionnaire"", ""scale-artifical"": ""10""}"
debugHLSY6T:debugA1ARO0,42,1.68145E+12,"{""phase"": ""scale-questionnaire"", ""scale-similar"": ""10""}"
debugHLSY6T:debugA1ARO0,43,1.68145E+12,"{""phase"": ""postquestionnaire"", ""status"": ""begin""}"
debugHLSY6T:debugA1ARO0,44,1.68145E+12,"{""phase"": ""postquestionnaire"", ""status"": ""submit""}"
debugHLSY6T:debugA1ARO0,45,1.68145E+12,"{""phase"": ""postquestionnaire"", ""name"": ""on""}"
debugHLSY6T:debugA1ARO0,46,1.68145E+12,"{""phase"": ""postquestionnaire"", ""name"": ""5""}"
debug24VOTP:debugVEHISO,0,1.68145E+12,"{""phase"": ""INSTRUCTIONS"", ""templates"": [""instructions/instruct-1.html"", ""instructions/instruct-2.html"", ""instructions/instruct-3.html"", ""instructions/instruct-ready.html""], ""action"": ""Begin""}"
debug24VOTP:debugVEHISO,1,1.68145E+12,"{""phase"": ""INSTRUCTIONS"", ""template"": ""instructions/instruct-1.html"", ""indexOf"": 0, ""action"": ""NextPage"", ""viewTime"": 18235}"
debug24VOTP:debugVEHISO,2,1.68145E+12,"{""phase"": ""INSTRUCTIONS"", ""template"": ""instructions/instruct-2.html"", ""indexOf"": 1, ""action"": ""NextPage"", ""viewTime"": 39843}"
debug24VOTP:debugVEHISO,3,1.68145E+12,"{""phase"": ""INSTRUCTIONS"", ""template"": ""instructions/instruct-3.html"", ""indexOf"": 2, ""action"": ""NextPage"", ""viewTime"": 11115}"
debug24VOTP:debugVEHISO,4,1.68145E+12,"{""phase"": ""INSTRUCTIONS"", ""template"": ""instructions/instruct-ready.html"", ""indexOf"": 3, ""action"": ""FinishInstructions"", ""viewTime"": 6627}"
debugEMXZDW:debugI8LGDJ,0,1.68145E+12,"{""phase"": ""INSTRUCTIONS"", ""templates"": [""instructions/instruct-1.html"", ""instructions/instruct-2.html"", ""instructions/instruct-3.html"", ""instructions/instruct-ready.html""], ""action"": ""Begin""}"
debugEMXZDW:debugI8LGDJ,1,1.68145E+12,"{""phase"": ""INSTRUCTIONS"", ""template"": ""instructions/instruct-1.html"", ""indexOf"": 0, ""action"": ""NextPage"", ""viewTime"": 25083}"
debugEMXZDW:debugI8LGDJ,2,1.68145E+12,"{""phase"": ""INSTRUCTIONS"", ""template"": ""instructions/instruct-2.html"", ""indexOf"": 1, ""action"": ""NextPage"", ""viewTime"": 31560}"
debugEMXZDW:debugI8LGDJ,3,1.68145E+12,"{""phase"": ""INSTRUCTIONS"", ""template"": ""instructions/instruct-3.html"", ""indexOf"": 2, ""action"": ""NextPage"", ""viewTime"": 11513}"
debugEMXZDW:debugI8LGDJ,4,1.68145E+12,"{""phase"": ""INSTRUCTIONS"", ""template"": ""instructions/instruct-ready.html"", ""indexOf"": 3, ""action"": ""FinishInstructions"", ""viewTime"": 5845}"
debugCvjqT:debugu7mmM,0,1.68145E+12,"{""phase"": ""INSTRUCTIONS"", ""templates"": [""instructions/instruct-1.html"", ""instructions/instruct-2.html"", ""instructions/instruct-3.html"", ""instructions/instruct-ready.html""], ""action"": ""Begin""}"
debugCvjqT:debugu7mmM,1,1.68145E+12,"{""phase"": ""INSTRUCTIONS"", ""template"": ""instructions/instruct-1.html"", ""indexOf"": 0, ""action"": ""NextPage"", ""viewTime"": 3545}"
debugCvjqT:debugu7mmM,2,1.68145E+12,"{""phase"": ""INSTRUCTIONS"", ""template"": ""instructions/instruct-2.html"", ""indexOf"": 1, ""action"": ""NextPage"", ""viewTime"": 1179}"
debugCvjqT:debugu7mmM,3,1.68145E+12,"{""phase"": ""INSTRUCTIONS"", ""template"": ""instructions/instruct-3.html"", ""indexOf"": 2, ""action"": ""NextPage"", ""viewTime"": 3113}"
debugCvjqT:debugu7mmM,4,1.68145E+12,"{""phase"": ""INSTRUCTIONS"", ""template"": ""instructions/instruct-ready.html"", ""indexOf"": 3, ""action"": ""FinishInstructions"", ""viewTime"": 1361}"
debugCvjqT:debugu7mmM,5,1.68145E+12,"{""phase"": ""demographics"", ""status"": ""begin""}"
debugCvjqT:debugu7mmM,6,1.68145E+12,"{""phase"": ""demographics"", ""status"": ""submit""}"
debugCvjqT:debugu7mmM,7,1.68145E+12,"{""phase"": ""demographics"", ""gender"": ""other""}"
debugCvjqT:debugu7mmM,8,1.68145E+12,"{""phase"": ""demographics"", ""other-gender"": ""xi/xim""}"
debugCvjqT:debugu7mmM,9,1.68145E+12,"{""phase"": ""demographics"", ""age"": ""22""}"
debugCvjqT:debugu7mmM,10,1.68145E+12,"{""phase"": ""demographics"", ""prolific-id"": ""100""}"
debugCvjqT:debugu7mmM,11,1.68145E+12,"{""phase"": ""demographics"", ""robotics-experience"": ""10""}"
debugCvjqT:debugu7mmM,12,1.68145E+12,"{""phase"": ""demographics"", ""prolific-experience"": ""10""}"
debugCvjqT:debugu7mmM,13,1.68145E+12,"{""phase"": ""video-group-1"", ""status"": ""begin""}"
debugCvjqT:debugu7mmM,14,1.68145E+12,"{""phase"": ""scale"", ""status"": ""begin""}"
debugCvjqT:debugu7mmM,15,1.68145E+12,"{""phase"": ""scale"", ""status"": ""submit""}"
debugCvjqT:debugu7mmM,16,1.68145E+12,"{""phase"": ""scale-questionnaire"", ""scale-reliable"": ""10""}"
debugCvjqT:debugu7mmM,17,1.68145E+12,"{""phase"": ""scale-questionnaire"", ""scale-confident"": ""10""}"
debugCvjqT:debugu7mmM,18,1.68145E+12,"{""phase"": ""scale-questionnaire"", ""scale-responsive"": ""10""}"
debugCvjqT:debugu7mmM,19,1.68145E+12,"{""phase"": ""scale-questionnaire"", ""scale-sociable"": ""10""}"
debugCvjqT:debugu7mmM,20,1.68145E+12,"{""phase"": ""scale-questionnaire"", ""scale-compassion"": ""10""}"
debugCvjqT:debugu7mmM,21,1.68145E+12,"{""phase"": ""scale-questionnaire"", ""scale-awkward"": ""10""}"
debugCvjqT:debugu7mmM,22,1.68145E+12,"{""phase"": ""scale-questionnaire"", ""scale-scary"": ""10""}"
debugCvjqT:debugu7mmM,23,1.68145E+12,"{""phase"": ""scale-questionnaire"", ""scale-strange"": ""10""}"
debugCvjqT:debugu7mmM,24,1.68145E+12,"{""phase"": ""scale-questionnaire"", ""scale-dangerous"": ""10""}"
debugCvjqT:debugu7mmM,25,1.68145E+12,"{""phase"": ""scale-questionnaire"", ""scale-logical"": ""10""}"
debugCvjqT:debugu7mmM,26,1.68145E+12,"{""phase"": ""scale-questionnaire"", ""scale-artificial"": ""10""}"
debugCvjqT:debugu7mmM,27,1.68145E+12,"{""phase"": ""scale-questionnaire"", ""scale-similar"": ""10""}"
debugCvjqT:debugu7mmM,28,1.68145E+12,"{""phase"": ""video-group-1"", ""status"": ""begin""}"
debugCvjqT:debugu7mmM,29,1.68145E+12,"{""phase"": ""scale"", ""status"": ""begin""}"
debugCvjqT:debugu7mmM,30,1.68145E+12,"{""phase"": ""scale"", ""status"": ""submit""}"
debugCvjqT:debugu7mmM,31,1.68145E+12,"{""phase"": ""scale-questionnaire"", ""scale-reliable"": ""10""}"
debugCvjqT:debugu7mmM,32,1.68145E+12,"{""phase"": ""scale-questionnaire"", ""scale-confident"": ""10""}"
debugCvjqT:debugu7mmM,33,1.68145E+12,"{""phase"": ""scale-questionnaire"", ""scale-responsive"": ""10""}"
debugCvjqT:debugu7mmM,34,1.68145E+12,"{""phase"": ""scale-questionnaire"", ""scale-sociable"": ""10""}"
debugCvjqT:debugu7mmM,35,1.68145E+12,"{""phase"": ""scale-questionnaire"", ""scale-compassion"": ""10""}"
debugCvjqT:debugu7mmM,36,1.68145E+12,"{""phase"": ""scale-questionnaire"", ""scale-awkward"": ""10""}"
debugCvjqT:debugu7mmM,37,1.68145E+12,"{""phase"": ""scale-questionnaire"", ""scale-scary"": ""10""}"
debugCvjqT:debugu7mmM,38,1.68145E+12,"{""phase"": ""scale-questionnaire"", ""scale-strange"": ""10""}"
debugCvjqT:debugu7mmM,39,1.68145E+12,"{""phase"": ""scale-questionnaire"", ""scale-dangerous"": ""10""}"
debugCvjqT:debugu7mmM,40,1.68145E+12,"{""phase"": ""scale-questionnaire"", ""scale-logical"": ""10""}"
debugCvjqT:debugu7mmM,41,1.68145E+12,"{""phase"": ""scale-questionnaire"", ""scale-artificial"": ""10""}"
debugCvjqT:debugu7mmM,42,1.68145E+12,"{""phase"": ""scale-questionnaire"", ""scale-similar"": ""10""}"
debugCvjqT:debugu7mmM,43,1.68145E+12,"{""phase"": ""postquestionnaire"", ""status"": ""begin""}"
debugCvjqT:debugu7mmM,44,1.68145E+12,"{""phase"": ""postquestionnaire"", ""status"": ""submit""}"
debugCvjqT:debugu7mmM,45,1.68145E+12,"{""phase"": ""postquestionnaire"", ""name"": ""on""}"
debugCvjqT:debugu7mmM,46,1.68145E+12,"{""phase"": ""postquestionnaire"", ""name"": ""5""}"
debugX4WH17:debug0FO4S1,0,1.68145E+12,"{""phase"": ""INSTRUCTIONS"", ""templates"": [""instructions/instruct-1.html"", ""instructions/instruct-2.html"", ""instructions/instruct-3.html"", ""instructions/instruct-ready.html""], ""action"": ""Begin""}"
debugX4WH17:debug0FO4S1,1,1.68145E+12,"{""phase"": ""INSTRUCTIONS"", ""template"": ""instructions/instruct-1.html"", ""indexOf"": 0, ""action"": ""NextPage"", ""viewTime"": 1117}"
debugX4WH17:debug0FO4S1,2,1.68145E+12,"{""phase"": ""INSTRUCTIONS"", ""template"": ""instructions/instruct-2.html"", ""indexOf"": 1, ""action"": ""NextPage"", ""viewTime"": 698}"
debugX4WH17:debug0FO4S1,3,1.68145E+12,"{""phase"": ""INSTRUCTIONS"", ""template"": ""instructions/instruct-3.html"", ""indexOf"": 2, ""action"": ""NextPage"", ""viewTime"": 1128}"
debugX4WH17:debug0FO4S1,4,1.68145E+12,"{""phase"": ""INSTRUCTIONS"", ""template"": ""instructions/instruct-ready.html"", ""indexOf"": 3, ""action"": ""FinishInstructions"", ""viewTime"": 1750}"
debuggT3ST:debugEgQRx,0,1.68149E+12,"{""phase"": ""INSTRUCTIONS"", ""templates"": [""instructions/instruct-1.html"", ""instructions/instruct-2.html"", ""instructions/instruct-3.html"", ""instructions/instruct-ready.html""], ""action"": ""Begin""}"
debuggT3ST:debugEgQRx,1,1.68149E+12,"{""phase"": ""INSTRUCTIONS"", ""template"": ""instructions/instruct-1.html"", ""indexOf"": 0, ""action"": ""NextPage"", ""viewTime"": 2866}"
debuggT3ST:debugEgQRx,2,1.68149E+12,"{""phase"": ""INSTRUCTIONS"", ""template"": ""instructions/instruct-2.html"", ""indexOf"": 1, ""action"": ""NextPage"", ""viewTime"": 936}"
debuggT3ST:debugEgQRx,3,1.68149E+12,"{""phase"": ""INSTRUCTIONS"", ""template"": ""instructions/instruct-3.html"", ""indexOf"": 2, ""action"": ""NextPage"", ""viewTime"": 9349}"
debuggT3ST:debugEgQRx,4,1.68149E+12,"{""phase"": ""INSTRUCTIONS"", ""template"": ""instructions/instruct-ready.html"", ""indexOf"": 3, ""action"": ""FinishInstructions"", ""viewTime"": 1798}"